{
  "roc_auc": 0.7798037629306293,
  "pr_auc": 0.555492573307269,
  "gini": 0.5596075258612585,
  "ks_statistic": 0.42639231190870097,
  "brier_score": 0.17670084536075592,
  "log_loss": 0.536134660243988,
  "threshold_optimal": 0.5265113711357117,
  "precision": 0.4981108312342569,
  "recall": 0.5960813865862848,
  "f1": 0.5427101200686106,
  "n_train": 18000,
  "n_val": 6000,
  "n_test": 6000,
  "default_rate_train": 0.2212222222222222,
  "default_rate_test": 0.22116666666666668,
  "n_features": 34,
  "training_date": "2026-07-14"
}