{
  "roc_auc": 0.7790895314696445,
  "pr_auc": 0.5611832595045484,
  "gini": 0.5581790629392891,
  "ks_statistic": 0.43364976791912235,
  "brier_score": 0.176081582903862,
  "log_loss": 0.534118496481787,
  "threshold_optimal": 0.5370169878005981,
  "precision": 0.5120051914341337,
  "recall": 0.5945742275810098,
  "f1": 0.5502092050209205,
  "n_train": 24000,
  "n_test": 6000,
  "default_rate_train": 0.22120833333333334,
  "default_rate_test": 0.22116666666666668,
  "n_features": 34,
  "training_date": "2026-05-12"
}