{
  "roc_auc": 0.7806199929012263,
  "pr_auc": 0.5571007025888617,
  "gini": 0.5612399858024526,
  "ks_statistic": 0.4262807182823741,
  "brier_score": 0.13485120236873627,
  "log_loss": 0.4288317859172821,
  "ece": 0.009777558079610272,
  "reliability": 0.0001295288853640186,
  "mean_predicted_pd": 0.22071455419063568,
  "threshold_optimal": 0.2465759962797165,
  "precision": 0.4836759371221282,
  "recall": 0.6028636021100227,
  "f1": 0.5367326400536733,
  "n_train": 18000,
  "n_val": 6000,
  "n_test": 6000,
  "default_rate_train": 0.2212222222222222,
  "default_rate_test": 0.22116666666666668,
  "n_features": 34,
  "training_date": "2026-07-14"
}